With %sLINKAVIE%s, you can share your Digital life with your friends and family in a very simple and secured way, create events digital albums by your own or collaboratively with other friends, print digital albums and much more.;Avec LINKAVIE, vous pouvez créer et partager vos albums de vie avec vos amis, vos collègues ou votre famille en toute simplicité et confidentialité. Vous pouvez créer des albums à l'occasion de vos événements, seul ou à plusieurs, imprimer vos albums et en conserver le souvenir...;
$: Picture â„–###;$: Photo â„–###;
%s accepted your invitation to become Friend within LINKAVIE. You can now share content with him/her securely.;%s a accepté votre invitation pour devenir Ami sur LINKAVIE. Vous pouvez maintenant partager des contenus avec lui/elle en toute confidentialité.;
%s shared pages with you from his LINKAVIE album %s;%s a partagé des pages avec vous de son album %s sur LINKAVIE;
%s shared pictures with you from his LINKAVIE Vault â€“ %s;%s a partagé des photos de son coffre-fort LINKAVIE avec vous â€“ %s;
'%value% address doesn\''t appear to be valid.';%value% L'adresse n'est pas valide.';
%Y/%m/%d;%Y/%m/%d;
About us;A propos de nous;
Accept invitation;Accepter l'invitation;
Accept;Accepter;
Access denied! Please confirm your registration to get access. Review your emails or % confirmation email.;Accès refusé! Vous devez confirmer votre inscription. Veuillez vérifier vos emails ou % renvoyer l'email de confirmation.;
Account and Settings;Paramètres de compte;
Account Information;Informations;
Add a personal message to send;Ajouter un message personnel;
Add a personal message to send;Ajouter un message personnel;
Add a personal message to the invitation;Ajouter un message personnel à l'invitation;
Add Album;Ajouter un album;
Add and organize<br>your pictures here;Ajoutez et organisez<br>vos photos ici;
Add carrousel;Ajouter un carrousel;
Add chapter;Ajouter un chapitre;
Add from vault;Ajouter depuis mon coffre-fort;
Add Gallery Section;Ajouter une gallerie;
Add images to carrousel;Ajouter des photos au carrousel;
Add New Contacts;Ajouter de nouveaux contacts;
Add New Contacts;Ajouter de nouveaux contacts;
Add New Section;Ajouter une nouvelle seciton;?
Add page;Ajouter une page;
Add shelf;Ajouter une étagère;
Add text block;Ajouter un bloc texte;
Add Text Section;Ajouter une section texte;?
Add;Ajouter;
Add;Ajouter;
Address;Adresse;
Album can not be deleted;L'album ne peut pas être supprimé;
Album can not be saved. An error occured. Contact-us;L'album ne peut pas être sauvegardé. Une erreur est survenue. Contactez-nous;
Album does not contain any other chapters. You can not do this operation.;L'album ne contient pas d'autres chapitres. Vous ne pouvez pas effectuer cette opération.;
Album does not contain any other pages. You can not remove last one.;L'album ne contient pas d'autres pages. Vous ne pouvez pas effectuer cette opération.;
Album has been successfully deleted;'L''album a Ã©tÃ© supprimÃ© avec succÃ¨s';
Album not found;Album non trouvé;
Album Title;Titre d'album;
All changes was saved;Toutes les modifications ont été sauvegardées;
All data were updated!;Toutes les données ont été mises à jour!;
All fields are required.;Tous les champs sont requis;
All invitations have been sent successfully!;Toutes les informations otn été envoyées avec succès!;
All;Tous;
Allow download;Autoriser le téléchargement;
An email will be sent to your email address with instructions to reset your password. You may have to check your spams and authorize %s;Un email sera envoyé à votre adresse de messagerie  avec les instructions pour réinitialiser votre mot de passe. Il se peut que vous ayez à vérifier vos spams et autoriser %s;
An invitation email will be sent to your contacts so that they can accept to become your Friend on LINKAVIE. Then, you\â€™ll be able to share with them securely your pictures, albums, comments and more...;Un email d'invitation sera envoyé à vos contacts pour qu'ils acceptent de devenir Ami avec vous sur LINKAVIE.  Vous pourrez alors partager avec  eux vos photos, vidéos, albums et plus encore…;
And enter the following password when requested: %s;Et entrez le mot de passe suivant lorsque demandé: %s;
Apply;Valider;
Apr;Avr;
Apr;Avr;
April;Avril;
Are you sure want to leave editing without saving?;Etes vous sûr de vouloir quitter l'édition sans sauvegarder?;
Are you sure you want to delete?;Etes vous sûr de vouloir supprimer?;
Are you sure you want to remove it?;Etes vous  sûr de vouloir le supprimer?;SÃ©lectionnez une Ã©tagÃ¨re
Are you sure you want to remove this album?;Etes vous  sûr de vouloir supprimer cet album?;
Are you sure you want to stop uploading process?;Etes vous sûr de vouloir interrompre le chargement?;
Aug;Aoû;
Aug;Aoû;
August;Août;
Author;Auteur;
Avatar was uploaded;Votre photo de profil a été chargée;
Avatar was uploaded;Votre photo de profil a été chargée;
Bad params!!!;Erreur de paramètre!!!;
Bad params!!!;Erreur de paramètre!!!;
Bad params!!!;Erreur de paramètre!!!;
Bad params!;Erreur de paramètre!;
Bad params;Erreur de paramètre;
Beginning Date;Date de début;
Birth;Anniversaire;
Blog;Blog;
Bug escalation;Signaler un problème;
"By clicking on the ""Register Now"" button you accept the LINKAVIE %sTerms and Conditions%s";"En cliquant sur le bouton ""S''inscrire"", vous acceptez les %Termes et conditions d''utilisation"" de LINKAVIE";
Can not load data;Les données ne peuvent être chargées;
Can not remove last digital shelf;Action non autorisée. Une étagère minimum dans la bibliothèque.;
Can not remove this shelf;Impossible de supprimer cette étagère;
Cancel;Annuler;
Cancel;Annuler;
Cancel;Annuler;
Change Picture;Changer la photo;
Chapter does not exist;Le chapitre n'existe pas;
Chapter or album can not be empty.;Un chapitre ou un album ne peut être vide;
Chapter Title;Titre de chapitre;
Chapter was created;Le chapitre a été créé avec succès;
Chapter was deleted.;Le chapitre a été supprimé;
Chapter;Chapitre;
Choose folder first;Veuillez sélectionner un dossier;
Choose item;Choisir sélection;
Choose Language;Choisir une langue;
Choose Language;Choisir une langue;
Choose The Shelf;Sélectionnez une étagère;
Choose the shelf;Sélectionnez une étagère;
City;Ville;
Close Edit Page mode;Fermer le mode Edition Page;
Close editor first;Veuillez fermer l'éditeur;
Close editor;Fermer l'éditeur;
close;Fermer;
close;Fermer;
Complete your profile by adding your picture.;Complétez votre profil en ajoutant votre photo;
Confirm account;Confirmer compte;
'Confirm Password is required and can\''t be empty';Mot de passe requis. Ne peut pas être vide';
Confirm password;Confirmer mot de passe;
Confirm Password;Confirmer mot de passe;
Confirm your action;Confirmez votre action;?
Confirm;Confirmer;
Confirm;Confirmer;
Congratulations! You have been successfully registered at %sLINKAVIE.com%s. In order to finalize your registration, please click on the following button.;Félicitations! Vous êtes maintenant enregistré sur %sLINKAVIE%s. Pour confirmer votre inscription, veuillez cliquer sur le bouton suivant.;
Contact number;n° de téléphone;
Contact Number;n° de téléphone;
Contact support;Contacter le support;
Contact Support;Contacter le support;
Contact Us;Contactez nous;
Contents;Contenus;
Cookies Policy;Utilisation de cookies;
Cool!!!;Cool!!!;
Country;Pays;
Cover;Couverture;
Create Album;Créer un album ;
Create Chapter;Ajouter un chapitre;
Create content;Créer un contenu;
Create Page;Créeer une page;
Create Shelf;Ajouter une étagère;
Create together with friends and colleagues the keepsake of your events;Créez à plusieurs le souvenir de vos événements;
Create;Créer;
Creation date;Date de création;
Creation date;Date de création;
Current pack;Abonnement;
Customer info;Informations client;
D.O.B;D.O.B;
Date Assigned;Date;
Data is not initialized;Les données ne sont pas initialisées;
Data was updated.;Les données ont été mises à jour;
Detail your request or escalation here;Détaillez votre demande ici;
Date of Birth;Date d'anniversaire;
Dear %s,;Cher %s,;
Dec;Déc;
Dec;Déc;
December;Décembre;
Define chapter title;Définir le titre de chapitre;
Define page title;Définir le titre de page;
Define the recipients you want to share your files with (separated by comma);Définissez les destinataires avec qui vous souhaitez partager les fichiers (séparés par une virgule);
Delete carrousel;Supprimer le carrousel;
Delete page;Supprimer la page;
Delete text block;Supprimer le bloc texte;
Description;Description;
Discover LINKAVIE;Découvrir LINKAVIE;
Discover LINKAVIE!;Découvrir LINKAVIE!;
Discover LINKAVIE!;Découvrir LINKAVIE!;
Discover LINKAVIE;Découvrir LINKAVIE!;
Discover LINKAVIE;Découvrir LINKAVIE!;
Do you sure want delete link?;Etes vous sûr de vouloir supprimer ce lien?;
Done;Terminé;
Download;Télécharger;
Download;Télécharger;
E-mail;E-mail;
E-mail;E-mail;
Edit Album page;Editer page;
Edit Album properties;Modifier les propriétés de l''album;
Edit Album;Editer l'album;
Edit Library;Editer la bibliothèque;
Edit Picture;Editer photo;
Edit Pictures;Editer les photos;
Edit summary;Editer le sommaire;
Edit your gallery;Editer votre gallerie;
Edit;Editer;
Edit;Editer;
Edit;Editer;
Email 1, Email 2, ...;Email 1, Email 2, ...;
'Email address doesn\''t appear to be valid.';L'adresse email ne semble pas valide.';
'Email address doesn\''t appear to be valid.';L'adresse email ne semble pas valide.';
'Email is required and can\''t be empty';Email requis. Ne peut pas être vide';
'Email is required and can\''t be empty';Email requis. Ne peut pas être vide';
Email;Email;
email,email,email...;email,email,email...;
email,email,email...;email,email,email...;
Emails is wrong.;!email incorrect.;
End Date;Date de fin;
End Period;Fin de période;
English;Anglais;
English;Anglais;
English;Anglais;
Enjoy the LINKAVIE experience!;Nous espérons que vous aimerez utiliser LINKAVIE !;
Enjoy the LINKAVIE experience, many more features are coming!;Nous espérons que vous aimerez utiliser LINKAVIE !;
Enter;Entrer;
Entered passwords do not match.;Le mot de passe saisi est incorrect;
Entered passwords do not match.;Le mot de passe saisi est incorrect;
Events;Evénements;
Expiration;Expiration;
Facebook Share;Partage Facebook;
Fail to restore your password;Impossible de restaurer votre mot de passe;
Fail to set your new password;Impossible de créer votre nouveau mot de passe;
FAQ;FAQ;
FAQ;FAQ;
Fashion;Mode;
Fashion;Mode;
Feature request;Demande de fonctionnalités nouvelles;
Features;Fonctionnalités;
Feb;Fév;
Feb;Fév;
February;Février;
Female;Femme;
'Field ''<%=field%>'' can not be empty.';Le champ ''<%=field%>'' ne peut pas être vide';
File properties have been updated;Les propriétés du fichier ont été mises à jour;
Filename;Nom du fichier;
Files moved to the target folder successfully;Les fichiers ont été déplacés dans le dossier cible avec succès;
Files not available for download will be ignored.;Les fichiers non disponibles pour le téléchargement seront ignorés;
Find Album by year;Trouver album selon année;
Finish Period;Fin de période;
'First name is required and can\''t be empty';Le champ prénom est requis et ne peut pas être vide';
First Name;Prénom;
Folder Name;Nom du dossier;
Click on the link to see my pictures!;Cliquer sur le lien pour voir mes photos!;
Click on the link to see my pictures!;Cliquer sur le lien pour voir mes photos!;
Forgot password;Mot de passe oublié;
Forgot password;Mot de passe oublié;
Forgot your password?;Mot de passe oublié ?;
Format;Format;
Free;Gratuit;
French;Français;
French;Français;
French;Français;
Fresh Garden;Fresh Garden;
"Friend links => Change to ""Average Friends""";'Nombre d''amis moyen';
Friends search;Rechercher des Amis;
FRIENDS;AMIS;
Friends;Amis;
FRIENDS;AMIS;
Friends;Amis;
FRIENDS;AMIS;
Friends;Amis;
Gallery section was deleted.;Amis;
Gender;Sexe;
Get share link;Obtenir le lien de partage;
Get Your Link;Obtenir le lien;
Go back to folder level;Retourner au niveau Dossiers;
Go to files level;Aller au niveau Fichiers;
GROUPS;GROUPES;
GROUPS;GROUPES;
Help;Aide;
Help;Aide;
Here is no content yet;'Il n''y a pas encore de contenu';
Hi, %s %s is willing to invite you on %sLINKAVIE</a> to share pictures, videos and Albums.;Bonjour, %s %s souhaite vous inviter sur %sLINKAVIE</a> pour partager photos, vidéos et albums.;
Hi, %s changing his %s on LINKAVIE.;Bonjour, %s a changé son %s sur LINKAVIE.;
Hi, %s have shared with you a new content from his %s on LINKAVIE.;Bonjour, %s a partagï¿½ avec vous un nouveau contenu de son %s sur LINKAVIE;
Hi, %s is willing to invite you on %sLINKAVIE</a> to share pictures, videos and Albums. In order to accept invitation, please click the link below. You will just have to enter you first name, last name and change your temporary password:;Bonjour, %s souhaite vous inviter sur %sLINKAVIE</a> pour partager photos, vidéos et albums. Pour accepter l'invitation, veuillez cliquer sur le lien ci-dessous. Vous aurez simplement à renseigner votre nom, prénom et à changer votre mot de passe.;
Hide;Cacher;
;;
;;
;;
How to?... question;Question sur l'utilisation;
http://blog.linkavie.com/en/;http://blog.linkavie.com/fr/;
http://blog.linkavie.com/en/about-us/;/blog.linkavie.com/fr/a-propos-de-nous/;
http://blog.linkavie.com/en/faq/;http://blog.linkavie.com/fr/faq/;
I shared nice  pictures for you;J'ai partagé des photos sympa…;
I shared nice  pictures for you;J'ai partagé des photos sympa…;
I shared with you page(s) from my Album album_name. Follow the link to access it;J'ai partagé avec toi des pages de mon album album_name. Clique sur le lien pour y accéder;
I shared pictures with you from my LINKAVIE vault;J'ai partagé des photos avec toi sur mon espace LINKAVIE;
I would like to invite you on LINKAVIE so that we can share pictures, videos, our digital albums in a confidential way.;J'aimerais t'inviter sur LINKAVIE pour partager photos, vidéos et albums numérqiues en toute confidentialité.;
I would like to receive LINKAVIE Newsletters;Je souhaiterais m'abonner à la lettre d'informations LINKAVIE;
If you delete the shelf contained albums will be deleted too;Si vous supprimez l'étagère, les albums de cette dernière le seront également';
'If you don\''t want to change your password, just ignore this message.';Si vous ne souhaitez pas changer votre mot de passe, vous pouvez ignorer ce message.';
Image;Image;
Insert your text here...;Insérer votre texte ici…;
Invalid date format;Format de date invalide;
Invitation to friend;Invitation d'amis;
Invite new Friends;Inviter un nouvel ami;
Invite your friends to become LINKAVIE friends and share your emotions with them.;Invitez vos amis sur LINKAVIE et partagez vos émotions avec eux.;
Invite;Inviter;
Items;Sélection;
Jan;Jan;
Jan;Jan;
January;Janvier;
Jul;Juil;
Jul;Juil;
July;Juillet;
Jun;Jui;
Jun;Jui;
June;Juin;
Language;Langue;
'Last name is required and can\''t be empty';Le nom de famille est requis et ne peut être vide';
Last Name;Nom de famille;
Link was deleted!!!;Le lien a été supprimé!!!;
Link was update!!!;Le lien a été mis à jour!!!;
Link;Lien;
LINKAFREE;LINKAFREE;
LINKAVIE 2013 &copy, All rights reserved;LINKAVIE 2013 &copy, Tous droits réservés;
Linkavie Share;Partage LINKAVIE;
LINKAVIE sharing settings;Paramètres de partage LINKAVIE;
Linkavie Sharing;Partage LINKAVIE;
Linkavie Sharing;Partage LINKAVIE;
Log out;Se déconnecter;
Login;Se connecter;
Male;Homme;
Manual;Manuel;
Mar;Mar;
Mar;Mar;
March;Mars;
Max number of files: <%=number%>;Nombre maximum de fichiers:<%=number%>;
May;Mai;
May;Mai;
Menu;Menu;
Message from user.;Message de l'utilisateur:;
"Message from your friend: ""%s""";"Message de votre ami: ""%s""";
Message from your friend:;Message de votre ami:;
Message;Message;
mm/dd/yy;mm/jj/aa;
mm/dd/yy;mm/jj/aa;
Modern;Moderne;
More friendly message;Message plus amicale;
More info %shere%s;Plus d'infos %ici%s;
My Account;Mon compte;
My Contacts;Mes contacts;
My Dashboard;Mon tableau de bord;
My Library;Ma bibliothèque;
My Life Album;Mon album de vie;
My Life Albums;Mes albums de vie;
My Profile;Mon profile;
My Storage;Mon stockage;
My Vault;Mon coffre fort;
Name;Nom;
New File Description;Nouvelle description de fichier;
New File Name;Nouveau nom de fichier;
New password;Nouveau mot de passe;
New shared pages;Nouvelles pages partagées;
Next;Suivant;
Next;Suivant;
No;Non;
No;Non;
Nov;Nov;
Nov;Nov;
November;Novembre;
Number;Numéro;
Oct;Oct;
Oct;Oct;
October;Octobre;
Old School;Old School;
One of email is your.;Un des emails vous appartient;
Open;Ouvrir;
Other Albums;Autres albums;
Other request or feedback;Autre demande;
p;p;
Page does not exist;La page n'existe pas;
Page sharing settings;Page: Paramètres de partage;
Page Title;Titre de page;
Page tools;Outils d'édition de page;
Page was deleted.;La page a été supprimée;
Page;Page;
Password is less than 8 characters long;Le mot de passe doit faire plus de 8 caractères;
'Password is required and can\''t be empty';Le champ mot de passe est requis';
Password is wrong!;Mot de passe incorrect!;
Password;Mot de passe;
Password;Mot de passe;
Password;Mot de passe;
Password;Mot de passe;
Pending Moderation;Modération en attente;
Photos;Photos;
Place birth;Lieu de naissance;
Place of Birth;Lieu de naissance;
Play;Visualiser;
Please customize your message to your friends;Veuillez personnaliser votre message à vos amis;
'Please don\''t hesitate to send us feedback via your personal space or ask us question via our %sblog%s or contact form.';N''hésitez pas à nous faire part de vos retours d''expériences ou de nous poser des questions via votre espace personnel ou depuis notre %blog%';
Please enter contacts you would like to invite (separated by commas);Veuillez entrer les contacts que vous souhaitez inviter (séparés par des virgules);
Please enter your password to access the shared content;Veuillez entrer votre mot de passe pour accéder au contenu partagé;
Please select contacts from your email account;Veuillez sélectionner les contacts de votre messagerie;
Please select one folder only to edit a folder properties;Veuillez sélectionner un dossier uniquement pour modifier ses propriétés;
Please, enter your new password;Veuillez entrer votre nouveau mot de passe;
Please, select files first;Merci de sélectionner des fichiers;
Please, select files first;Merci de sélectionner des fichiers;
Previous;Précédent;
Previous;Précédent;
Re-enter password;Resaisir le mot de passe;
Recent articles;Articles récents;
Register Now;S'inscrire;
Register to Beta;S'inscrire au programme Beta';
Remember me;Se souvenir de moi;
Remove;Supprimer;
Repeat password;Saisir à nouveau votre mot de passe;
Request purpose:;Objet de la demande;
Resend messages;Renvoyer les messages;
Resolution;Résolution;
Resources have been shared successfully;Les contenus ont été partagés avec succès;
Resources have been shared successfully;Les contenus ont été partagés avec succès;
Resources have been shared successfully;Les contenus ont été partagés avec succès;
Restore password;Réinitialisation de mot de passe;
Save carrousel;Sauvegarder carrousel;
Save text block;Sauvegarder le bloc texte;
Save;Sauvegarder;
Save;Sauvegarder;
Section can not be saved.;La section ne peut pas être sauvegardée;
Section has been saved.;La section a été sauvegardée;
Select all;Sélectionner tout;
Select all;Sélectionner tout;
Select All;Sélectionner tout;
Select Chapter;Sélectionner le chapitre;
Select Cover;Définir la couverture;
Select folder;Sélectionner le dossier;
Select folders first.;Veuillez sélectionner des dossiers;
Select items first;Sélectionnez un item en premier lieu;
Select language of the invitation email:;Sélectionner la langue de l'email d'invitation;
Select Month;Sélectionner le mois;
Select pages to share them;Sélectionnez des pages pour les partager;
Select pages/chapters;Sélectionner pages/chapitres;
Select part of image;Sélectionner une partie de l'image;
Select part of image;Sélectionner une partie de l'image;
Select Picture;Sélectionner la photo;
Select Picture;Sélectionner la photo;
Select Pictures;Sélectionner les photos;
Select the language of the invitation email;Sélectionner la langue de l'email d'invitation;
Select Year;Sélectionner l'année;
Selected file have been properly removed;Les fichiers sélectionnés ont été supprimés avec succès;
Selected files have been properly removed;Les fichiers sélectionnés ont été supprimés avec succès;
Selected folder have been properly removed;Les dossiers sélectionnés ont été supprimés avec succès;
Selected pages sharing settings;Pages sélectionnées: paramètres de partage;
Send;Envoyer;
Send;Envoyer;
Sep;Sep;
Sep;Sep;
September;Septembre;
Set your password to protect access to your content (optional);Définissez un mot de passe pour protéger l'accès à vos contenus (Optionnel);
Share link;Partager le lien;
Share link;Partager le lien;
Share page;Partager page;
Share pictures or share a page, chapter or your entire Digital album with your friends.;Partager des photos, une page, des chapitres ou un album entier avec vos amis;
Share selected pages;Partager les pages sélectionnées;
Share with E-mail;Partager pae email;
Share with other users: enter their emails;Partager avec d'autres utilisateurs: Entrer leur adresss emails;
Share your emotions and best moments of your life with your family;Partager vos émotions et meilleurs moment de vie avec votre famille;?
Share your emotions with your family, common events with friends and colleagues, and remember them, %sAll together for life!%s;Partagez vos émotions en famille, vos événements avec vos amis et collègues, et conservez %sle souvenir de chaque anecdote!%s;
Share;Partager;
Share;Partager;
Shared data cannot be accessed with this link because sharing settings have been changed by the content owner. Please review your emails or dashboard notifications for such changes and access contents you are entitled to;Les données partagées ne peuvent plus être accédées par ce lien car les paramètres de partage ont été modifiés. Veuillez revoir vos emails ou votre tableau de bord pour accéder aux contenus selon les nouvelles règles de confidentialité.;
Sharing Access;Accès au partage;
Sharing Settings;Paramètres de partage;
Sharing;Partage;
Sharing;Partage;
Show;Visualiser;
Sign up;Se connecter;
Sign up;Se connecter;
Sing up;Se connecter;
Social;Social;
Sorry, an error has been met. Our services have been informed to resolve the issue. Please come back later;Désolé, une erreur a été rencontrée. Nos services en ont été informés pour résoudre ce problème. Merci de vous reconnecter ultérieurement.;
Start creating a rich Digital album and share it with friends.;Commencez à créer un album numérique riche et partagez le avec vos amis;
Start Period;Début de période;
Storage;Stockage;
Store, organize and secure your pictures by uploading them to your personal Vault.;Stockez, organisez et sécurisez vos photos en les chargeant dans votre coffre-fort numérique;
Street;Rue;
Subject;Sujet;
Submit;Soumettre;
Incorrect Login and Password combination;Combinaison login/mot de passe incorrecte;
Summary;Sommaire;
Taken Date;Date de prise de vue;
Terms &amp Conditions;Termes &amp Conditions;
Text section was deleted.;La section teste a été supprimée;
Text;Texte;
Text...;Texte…;
Thanks for confirming your registration and WELCOME to LINKAVIE! You can now start uploading pictures in your vault and create a Digital album â€“ See in your Dashboard below How to start?;Merci pour votre confiance et BIENVENUE sur LINKAVIE! Vous pouvez maintenant charger vos photos dans votre coffre-fort et créer des albums numériques â€“ Ci-dessous un petit guide pour bien démarrer.;
Thanks!<br>The LINKAVIE team<br>%scontact@linkavie.com%s;Merci! <br> L'équipe LINKAVIE<br>%scontact@linkavie.com%s';
Thanks!<br>The LINKAVIE team<br>%scontact@linkavie.com%s;Merci! <br> L'équipe LINKAVIE<br>%scontact@linkavie.com%s';
Thanks!<br>The LINKAVIE team<br>%scontact@linkavie.com%s;Merci! <br> L'équipe LINKAVIE<br>%scontact@linkavie.com%s';
Thanks!<br>The LINKAVIE team<br>%scontact@linkavie.com%s;Merci! <br> L'équipe LINKAVIE<br>%scontact@linkavie.com%s';
'The field ''<%=label%>'' can not be empty.';Le champ ''<%=label%>'' ne peut pas être vide.';
The folder properties have been changed successfully;Les propriétés du dossier ont été changées avec succès;
The uploading process has been interrupted. The files that could be processed have been uploaded successfully;Le processus de chargement a été interrompu. Les fichiers qui ont pu être traités ont été chargés avec succès.;
This change password key has been already used;Ce nouveau mot de passe a déjà été utilisé;
This e-mail is already in use.;Cet adresse email est déjà utilisée;
This e-mail is already in use.;Cet adresse email est déjà utilisée;
This e-mail was not used on our site;Cet adresse email n'a pas été utilisée sur notre site;
This e-mail was not used on our site.;Cet adresse email n'a pas été utilisée sur notre site;
Thumbnail;Vignette;
Title;Titre;
Title;Titre;
To accept the invitation please login;Pour accepter l'invitation, veuillez vous connecter.;
To accept the invitation, please login with your temporary account you have received and update your profile;Pour accepter l'invitation, veuillez vous connecter avec votre email et mot de passe temporaire puis mettre à jour votre profil;
To access the content, please click on the following button.;Pour accéder au contenu, veuillez cliquer sur le bouton suivant.;
To access the content, please click on the following button.;Pour accéder au contenu, veuillez cliquer sur le bouton suivant.;
To access the shared content please login;Pour accepter l'invitation, veuillez vous connecter.;
"To add the content to this album click ""Add"" button.";"Pour ajouter ce contenu à cet album, cliquez sur le bouton ""Ajouter"".";
Trying to remove a non existant shelf;Vous tentez de supprimer une étagère qui n'existe pas;
Unselect All;Désélectionner Tout;
Unselect all;Désélectionner Tout;
Unselect All;Désélectionner Tout;
Update;Mise à jour;
Update;Mise à jour;
Upload;Charger;
Uploading is finished;Chargement terminé;
User allowed to download some of the selected files only;L'utilisateur n'est autorisé à télécharger qu'une partie des fichiers sélectionnés;
User did not share any content for you yet.;L'utilisateur n'a pas encore partagé de contenu avec vous;
User have download permissions for the selected files;L'utilisateur a les droits de téléchargement pour les fichiers sélectionnés;
User have no access permissions for the selected contents;L'utilisateur n'a pas les droits d'accès pour ces contenus;
User have no download permissions for the selected files;L'utilisateur n'a pas les droits de téléchargement pour les fichiers sélectionnés;
User have partially access to the selected contents;L'utilisateur a des droits d'accès partiels aux contenus sélectionnés;
User Information;Informations utilisateur;
User is allowed to access all the selected contents;L'utilisateur a tous les droits d'accès aux contenus;
Video;Vidéo;
View album pages;Voir les pages de l'album;
View More;Voir plus;
View pictures;Visualiser les photos;
View shared content;Voir le contenu partagé;
View shared content;Voir le contenu partagé;
View;Voir;Not sure if it is name or verb here ?-verb
Visit our %sblog%s;Visitez notre %sblog%s;
WARNING!!!;ATTENTION!!!;
We are really excited and happy to welcome you on our LINKAVIE Beta program!;Nous sommes très heureux de vous accueillir pour ce lancement du programme Beta de LINKAVIE !;
We have received a request to change or reset your LINKAVIE password.<br>If you are at the origin of this request, you can define a new password %shere%s.;Nous avons reçu une demande de réinitialisation de votre mot de passe LINKAVIE.<br>Si vous êtes à l'origine de cette demande, vous pouvez définir un nouveau mot de passe %sici%s.;
We hope you will enjoy using LINKAVIE, as our wish is<br>to bring high value to your Digital life.;Nous espérons que vous aurez beaucoup de plaisir à utiliser LINKAVIE<br> pour partager et conserver tous les souvenirs de votre vie.;
WE THANK YOU SO MUCH for your participation!;NOUS VOUS SOMMES TRES RECONNAISSANTS DE VOTRE PARTICIPATION!;
Welcome to LINKAVIE ! You are now friend with %s %s within LINKAVIE. Please update your profile and access your dashboard to start using LINKAVIE;Bienvenue sur LINKAVIE! Vous êtes maintenant Ami avec %s %s sur LINKAVIE. Veuillez mettre à jour votre profil et accéder à votre tableau de bord pour commencer à utiliser votre espace LINKAVIE.;
Welcome to LINKAVIE ! You are now friend with Invited person %s %s within LINKAVIE. Please update your profile and access your dashboard to start using LINKAVIE;Bienvenue sur LINKAVIE! Vous êtes maintenant Ami avec %s %s sur LINKAVIE. Veuillez mettre à jour votre profil et accéder à votre tableau de bord pour commencer à utiliser votre espace LINKAVIE.;
Welcome to LINKAVIE !....How to start?;Bienvenue sur LINKAVIE!...Comment démarrer?;
WELCOME to LINKAVIE! Please make sure to confirm your registration. Review your emails or %sresend%s the confirmation email â€“ %s days left;BIENVENUE sur LINKAVIE! Assurez vous de bien confirmer votre enregistrement. Vérifiez vos emails ou %srenvoyez%s l'email de confirmation â€“ %s jours restant;
Welcome to LINKAVIE;Bienvenue sur LINKAVIE;
What happened?;Que s''est il passé?';??
With LINKAVIE, you can share your Digital life with your friends and family in a very simple and secured way, create events, digital albums by your own or collaboratively with other friends or colleagues, print  albums and much more.;Avec LINKAVIE, vous pouvez créer et partager vos albums de vie avec vos amis, vos collègues ou votre famille en toute simplicité et confidentialité. Vous pouvez créer des albumsà l''occasion de vos événements, seul ou à plusieurs, imprimer vos albums et en conserver le souvenir...';
With LINKAVIE, you can share your Digital life with your friends and family in a very simple and secured way, create events, digital albums by your own or collaboratively with other friends or colleagues, print  albums and much more.;Avec LINKAVIE, vous pouvez créer et partager vos albums de vie avec vos amis, vos collègues ou votre famille en toute simplicité et confidentialité. Vous pouvez créer des albumsà l''occasion de vos événements, seul ou à plusieurs, imprimer vos albums et en conserver le souvenir...';
With LINKAVIE, you can share your Digital life with your friends and family in a very simple and secured way, create events, digital albums by your own or collaboratively with other friends or colleagues, print  albums and much more.;Avec LINKAVIE, vous pouvez créer et partager vos albums de vie avec vos amis, vos collègues ou votre famille en toute simplicité et confidentialité. Vous pouvez créer des albumsà l''occasion de vos événements, seul ou à plusieurs, imprimer vos albums et en conserver le souvenir...';
With LINKAVIE, you can share your Digital life with your friends and family in a very simple and secured way, create events, digital albums by your own or collaboratively with other friends or colleagues, print  albums and much more.;Avec LINKAVIE, vous pouvez créer et partager vos albums de vie avec vos amis, vos collègues ou votre famille en toute simplicité et confidentialité. Vous pouvez créer des albumsà l''occasion de vos événements, seul ou à plusieurs, imprimer vos albums et en conserver le souvenir...';
Wooden Lines;Wooden Lines;
Wrong params;Paramètres incorrects;
Wrong params;Paramètres incorrects;
Yes;Oui;
Yes;Oui;
You can copy/paste this link and send it to your friend by email or any other method you like.;Vous pouvez copier/coller ce lien et l'envoyer à vos amis par email ou toute autre méthode de votre choix;
You can not delete this page: Chapter can not be empty.;Vous ne pouvez pas effacer cette page: Un chapitre ne peut pas être vide;
You can not remove last page;Vous ne pouvez pas supprimer la dernière page;
You can not save gallery without images;Vous ne pouvez pas sauvegarder une gallerie sans photos;
You current temporary password is:;Votre mot de passe temporaire est:;
You did not select any files or folders.;Vous n'avez pas sélectionné de fichiers ou dossiers.;
'You didn''t select any images';'Vous n''avez pas sÃ©lectionnÃ© de photos';
'You didn\''t share this content yet';Vous n'avez pas encore partagé ce contenu';
You do not have any content in this album.;'Vous n''avez pas de contenu dans cet album';
You first chapter title;Titre de votre premier chapitre;
You first page title;Titre de votre première page;
You have no contacts yet on LINKAVIE!<br>To invite your LINKAVIE FRIENDS and share with them pictures,<br>albums and more,<br>Click the â€œAdd New Contactsâ€ button.;Vous n'avez pas encore de contacts sur LINKAVIE!<br>Pour inviter vos amis et partager avec eux vos photos,<br>albums et plus encore,<br>Cliquez sur le bouton â€œAdd New Contactsâ€.;
Your current login is:;Votre login est:;
Your file name and description have been changed successfully;Votre nom de fichier et sa description ont été changés avec succès;
Your folder has been created successfully!;Votre dossier a été créé avec succès!;
Your folder has been created successfullyĞ²Ğ‚Â¦ Your files are now uploading!;Votre dossier a été créé avec succèsĞ²Ğ‚Â¦ Vos fichiers sont maintenant en train d'être chargés!';
Your password has been changed successfully!;Votre mot de passe a été changé avec succès!;
Youtube link;Lien Youtube;
yy/mm/dd;aa/mm/jj;
Zip_code;Code postal;
'ï¿½ Remember yesterday, remember 10 years ago,<br> Let\''s live it again in 20 years time... ï¿½';ï¿½ Rappelle toi hier, souviens toi il y a 10 ans,<br> revivons ça dans 20 ans... ï¿½;
