sku old,sku new
DLVCG-206-BK,DLVCG-206-BK
DLVCG-206-MH,DLVCG-206-MH
LCB09CH,B09-Cherryville
LCB09NP,B09-Newport
B09-Richmond,B09-Richmond
LCB09SR,B09-Sierra
LCB09VC,B09-Villa-Cherry
LCB12CH,B12-Cherryville
LCB12NP,B12-Newport
B12-Richmond,B12-Richmond
LCB12SR,B12-Sierra
LCB12VC,B12-Villa-Cherry
LCB15CH,B15-Cherryville
LCB15NP,B15-Newport
B15-Richmond,B15-Richmond
LCB15SR,B15-Sierra
LCB15VC,B15-Villa-Cherry
LCB18CH,B18-Cherryville
LCB18NP,B18-Newport
B18-Richmond,B18-Richmond
LCB18SR,B18-Sierra
LCB18VC,B18-Villa-Cherry
LCB21CH,B21-Cherryville
LCB21NP,B21-Newport
B21-Richmond,B21-Richmond
LCB21SR,B21-Sierra
LCB21VC,B21-Villa-Cherry
LCB24CH,B24-Cherryville
LCB24NP,B24-Newport
B24-Richmond,B24-Richmond
LCB24SR,B24-Sierra
LCB24VC,B24-Villa-Cherry
LCB27CH,B27-Cherryville
LCB27NP,B27-Newport
B27-Richmond,B27-Richmond
LCB27SR,B27-Sierra
LCB27VC,B27-Villa-Cherry
LCB30CH,B30-Cherryville
LCB30NP,B30-Newport
B30-Richmond,B30-Richmond
LCB30SR,B30-Sierra
LCB30VC,B30-Villa-Cherry
LCB33CH,B33-Cherryville
LCB33NP,B33-Newport
B33-Richmond,B33-Richmond
LCB33SR,B33-Sierra
LCB33VC,B33-Villa-Cherry
LCB36CH,B36-Cherryville
LCB36NP,B36-Newport
B36-Richmond,B36-Richmond
LCB36SR,B36-Sierra
LCB36VC,B36-Villa-Cherry
LCB42CH,B42-Cherryville
LCB42NP,B42-Newport
B42-Richmond,B42-Richmond
LCB42SR,B42-Sierra
LCB42VC,B42-Villa-Cherry
LCB48CH,B48-Cherryville
LCB48NP,B48-Newport
B48-Richmond,B48-Richmond
LCB48SR,B48-Sierra
LCB48VC,B48-Villa-Cherry
LCBECF24CH,BECF24-Cherryville
LCBECF24NP,BECF24-Newport
BECF24-Richmond,BECF24-Richmond
LCBECF24SR,BECF24-Sierra
LCBECF24VC,BECF24-Villa-Cherry
LCBWNT9CH,BWNT9-Cherryville
LCBWNT9NP,BWNT9-Newport
BWNT9-Richmond,BWNT9-Richmond
LCBWNT9SR,BWNT9-Sierra
LCBWNT9VC,BWNT9-Villa-Cherry
LCDB12CH,DB12-Cherryville
LCDB12NP,DB12-Newport
DB12-Richmond,DB12-Richmond
LCDB12SR,DB12-Sierra
LCDB12VC,DB12-Villa-Cherry
LCDB15CH,DB15-Cherryville
LCDB15NP,DB15-Newport
DB15-Richmond,DB15-Richmond
LCDB15SR,DB15-Sierra
LCDB15VC,DB15-Villa-Cherry
LCDB18CH,DB18-Cherryville
LCDB18NP,DB18-Newport
DB18-Richmond,DB18-Richmond
LCDB18SR,DB18-Sierra
LCDB18VC,DB18-Villa-Cherry
LCDB21CH,DB21-Cherryville
LCDB21NP,DB21-Newport
DB21-Richmond,DB21-Richmond
LCDB21VC,DB21-Villa-Cherry
LCDB24CH,DB24-Cherryville
LCDB24NP,DB24-Newport
DB24-Richmond,DB24-Richmond
LCDB24SR,DB24-Sierra
LCDB24VC,DB24-Villa-Cherry
LCDC2430CH,DC2430-Cherryville
LCDC2430NP,DC2430-Newport
DC2430-Richmond,DC2430-Richmond
LCDC2430SR,DC2430-Sierra
LCDC2430VC,DC2430-Villa-Cherry
LCDC2436CH,DC2436-Cherryville
LCDC2436NP,DC2436-Newport
DC2436-Richmond,DC2436-Richmond
LCDC2436VC,DC2436-Villa-Cherry
LCDC2442CH,DC2442-Cherryville
LCDC2442NP,DC2442-Newport
DC2442-Richmond,DC2442-Richmond
LCDC2442VC,DC2442-Villa-Cherry
LCDC2736CH,DC2736-Cherryville
LCDC2736NP,DC2736-Newport
DC2736-Richmond,DC2736-Richmond
LCDC2736VC,DC2736-Villa-Cherry
LCDC2742CH,DC2742-Cherryville
LCDC2742NP,DC2742-Newport
DC2742-Richmond,DC2742-Richmond
LCDC2742VC,DC2742-Villa-Cherry
LCDCMD2430CH,DCMD2430-Cherryville
LCDCMD2430NP,DCMD2430-Newport
DCMD2430-Richmond,DCMD2430-Richmond
LCDCMD2430SR,DCMD2430-Sierra
LCDCMD2430VC,DCMD2430-Villa-Cherry
LCDCMD2436CH,DCMD2436-Cherryville
LCDCMD2436NP,DCMD2436-Newport
DCMD2436-Richmond,DCMD2436-Richmond
LCDCMD2436VC,DCMD2436-Villa-Cherry
LCDCMD2442CH,DCMD2442-Cherryville
LCDCMD2442NP,DCMD2442-Newport
DCMD2442-Richmond,DCMD2442-Richmond
LCDCMD2442VC,DCMD2442-Villa-Cherry
LCDCMD2736CH,DCMD2736-Cherryville
LCDCMD2736NP,DCMD2736-Newport
DCMD2736-Richmond,DCMD2736-Richmond
LCDCMD2736VC,DCMD2736-Villa-Cherry
LCDCMD2742CH,DCMD2742-Cherryville
LCDCMD2742NP,DCMD2742-Newport
DCMD2742-Richmond,DCMD2742-Richmond
LCDCMD2742VC,DCMD2742-Villa-Cherry
LCLRB30CH,LRB30-Cherryville
LCLRB30NP,LRB30-Newport
LRB30-Richmond,LRB30-Richmond
LCLRB30VC,LRB30-Villa-Cherry
LCLRB36CH,LRB36-Cherryville
LCLRB36NP,LRB36-Newport
LRB36-Richmond,LRB36-Richmond
LCLRB36VC,LRB36-Villa-Cherry
LCOC3084CH,OC3084-Cherryville
LCOC3084NP,OC3084-Newport
OC3084-Richmond,OC3084-Richmond
LCOC3084SR,OC3084-Sierra
LCOC3084VC,OC3084-Villa-Cherry
LCOC3090CH,OC3090-Cherryville
LCOC3090NP,OC3090-Newport
OC3090-Richmond,OC3090-Richmond
LCOC3090VC,OC3090-Villa-Cherry
LCOC3096CH,OC3096-Cherryville
LCOC3096NP,OC3096-Newport
OC3096-Richmond,OC3096-Richmond
LCOC3096VC,OC3096-Villa-Cherry
LCSB24CH,SB24-Cherryville
LCSB24NP,SB24-Newport
SB24-Richmond,SB24-Richmond
LCSB24SR,SB24-Sierra
LCSB24VC,SB24-Villa-Cherry
LCSB27CH,SB27-Cherryville
LCSB27NP,SB27-Newport
SB27-Richmond,SB27-Richmond
LCSB27SR,SB27-Sierra
LCSB27VC,SB27-Villa-Cherry
LCSB30CH,SB30-Cherryville
LCSB30NP,SB30-Newport
SB30-Richmond,SB30-Richmond
LCSB30SR,SB30-Sierra
LCSB30VC,SB30-Villa-Cherry
LCSB33CH,SB33-Cherryville
LCSB33NP,SB33-Newport
SB33-Richmond,SB33-Richmond
LCSB33SR,SB33-Sierra
LCSB33VC,SB33-Villa-Cherry
LCSB36CH,SB36-Cherryville
LCSB36NP,SB36-Newport
SB36-Richmond,SB36-Richmond
LCSB36SR,SB36-Sierra
LCSB36VC,SB36-Villa-Cherry
LCSB42CH,SB42-Cherryville
LCSB42NP,SB42-Newport
SB42-Richmond,SB42-Richmond
LCSB42SR,SB42-Sierra
LCSB42VC,SB42-Villa-Cherry
LCSB48CH,SB48-Cherryville
LCSB48NP,SB48-Newport
SB48-Richmond,SB48-Richmond
LCSB48SR,SB48-Sierra
LCSB48VC,SB48-Villa-Cherry
SB60-Richmond,SB60-Richmond
LCSC2430CH,SC2430-Cherryville
SC2430-Richmond,SC2430-Richmond
LCSC2430SR,SC2430-Sierra
LCSC2430VC,SC2430-Villa-Cherry
LCSC2436CH,SC2436-Cherryville
SC2436-Richmond,SC2436-Richmond
LCSC2436VC,SC2436-Villa-Cherry
LCSC2442CH,SC2442-Cherryville
SC2442-Richmond,SC2442-Richmond
LCSC2442VC,SC2442-Villa-Cherry
LCSC3030CH,SC3030-Cherryville
SC3030-Richmond,SC3030-Richmond
LCSC3030SR,SC3030-Sierra
LCSC3030VC,SC3030-Villa-Cherry
LCSC3036CH,SC3036-Cherryville
SC3036-Richmond,SC3036-Richmond
LCSC3036VC,SC3036-Villa-Cherry
LCSC3042CH,SC3042-Cherryville
SC3042-Richmond,SC3042-Richmond
LCSC3042VC,SC3042-Villa-Cherry
LCSCB36CH,SCB36-Cherryville
LCSCB36NP,SCB36-Newport
SCB36-Richmond,SCB36-Richmond
LCSCB36SR,SCB36-Sierra
LCSCB36VC,SCB36-Villa-Cherry
LCSCB42CH,SCB42-Cherryville
LCSCB42NP,SCB42-Newport
SCB42-Richmond,SCB42-Richmond
LCSCB42SR,SCB42-Sierra
LCSCB42VC,SCB42-Villa-Cherry
LCSCER33CH,SCER33-Cherryville
LCSCER33NP,SCER33-Newport
SCER33-Richmond,SCER33-Richmond
LCSCER33SR,SCER33-Sierra
LCSCER33VC,SCER33-Villa-Cherry
LCSCER36CH,SCER36-Cherryville
LCSCER36NP,SCER36-Newport
SCER36-Richmond,SCER36-Richmond
LCSCER36SR,SCER36-Sierra
LCSCER36VC,SCER36-Villa-Cherry
LCSFC36CH,SFC36-Cherryville
LCSFC36NP,SFC36-Newport
SFC36-Richmond,SFC36-Richmond
LCSFC36SR,SFC36-Sierra
LCSFC36VC,SFC36-Villa-Cherry
LCSFC42CH,SFC42-Cherryville
LCSFC42NP,SFC42-Newport
SFC42-Richmond,SFC42-Richmond
LCSFC42VC,SFC42-Villa-Cherry
LCTOUCHUPKITCH,LCTOUCHUPKIT-Cherryville
LCTOUCHUPKITNP,LCTOUCHUPKIT-Newport
TOUCHUPKIT-Richmond,TOUCHUPKIT-Richmond
LCTOUCHUPKITSR,LCTOUCHUPKIT-Sierra
LCTOUCHUPKITVC,LCTOUCHUPKIT-Villa-Cherry
LCU1584CH,U1584-Cherryville
LCU1584NP,U1584-Newport
U1584-Richmond,U1584-Richmond
LCU1584SR,U1584-Sierra
LCU1584VC,U1584-Villa-Cherry
LCU1590CH,U1590-Cherryville
LCU1590NP,U1590-Newport
U1590-Richmond,U1590-Richmond
LCU1590VC,U1590-Villa-Cherry
LCU1596CH,U1596-Cherryville
LCU1596NP,U1596-Newport
U1596-Richmond,U1596-Richmond
LCU1596VC,U1596-Villa-Cherry
LCU1884CH,U1884-Cherryville
LCU1884NP,U1884-Newport
U1884-Richmond,U1884-Richmond
LCU1884SR,U1884-Sierra
LCU1884VC,U1884-Villa-Cherry
LCU1890CH,U1890-Cherryville
LCU1890NP,U1890-Newport
U1890-Richmond,U1890-Richmond
LCU1890VC,U1890-Villa-Cherry
LCU1896CH,U1896-Cherryville
LCU1896NP,U1896-Newport
U1896-Richmond,U1896-Richmond
LCU1896VC,U1896-Villa-Cherry
LCVDB1221CH,VDB1221-Cherryville
LCVDB1221NP,VDB1221-Newport
VDB1221-Richmond,VDB1221-Richmond
VSB1816-Richmond,VSB1816-Richmond
VSB2418-Richmond,VSB2418-Richmond
LCVSB2421CH,VSB2421-Cherryville
LCVSB2421NP,VSB2421-Newport
VSB2421-Richmond,VSB2421-Richmond
LCVSB3021CH,VSB3021-Cherryville
LCVSB3021NP,VSB3021-Newport
VSB3021-Richmond,VSB3021-Richmond
LCVSB3621CH,VSB3621-Cherryville
LCVSB3621NP,VSB3621-Newport
VSB3621-Richmond,VSB3621-Richmond
LCVSB4221CH,VSB4221-Cherryville
LCVSB4221NP,VSB4221-Newport
VSB4221-Richmond,VSB4221-Richmond
LCVSB4821CH,VSB4821-Cherryville
LCVSB4821NP,VSB4821-Newport
VSB4821-Richmond,VSB4821-Richmond
LCW0930CH,W0930-Cherryville
LCW0930NP,W0930-Newport
W0930-Richmond,W0930-Richmond
LCW0930SR,W0930-Sierra
LCW0930VC,W0930-Villa-Cherry
LCW0936CH,W0936-Cherryville
LCW0936NP,W0936-Newport
W0936-Richmond,W0936-Richmond
LCW0936VC,W0936-Villa-Cherry
LCW0942CH,W0942-Cherryville
LCW0942NP,W0942-Newport
W0942-Richmond,W0942-Richmond
LCW0942VC,W0942-Villa-Cherry
LCW1230CH,W1230-Cherryville
LCW1230NP,W1230-Newport
W1230-Richmond,W1230-Richmond
LCW1230SR,W1230-Sierra
LCW1230VC,W1230-Villa-Cherry
LCW1236CH,W1236-Cherryville
LCW1236NP,W1236-Newport
W1236-Richmond,W1236-Richmond
LCW1236VC,W1236-Villa-Cherry
LCW1242CH,W1242-Cherryville
LCW1242NP,W1242-Newport
W1242-Richmond,W1242-Richmond
LCW1242VC,W1242-Villa-Cherry
LCW1530CH,W1530-Cherryville
LCW1530NP,W1530-Newport
W1530-Richmond,W1530-Richmond
LCW1530SR,W1530-Sierra
LCW1530VC,W1530-Villa-Cherry
LCW1536CH,W1536-Cherryville
LCW1536NP,W1536-Newport
W1536-Richmond,W1536-Richmond
LCW1536VC,W1536-Villa-Cherry
LCW1542CH,W1542-Cherryville
LCW1542NP,W1542-Newport
W1542-Richmond,W1542-Richmond
LCW1542VC,W1542-Villa-Cherry
LCW1830CH,W1830-Cherryville
LCW1830NP,W1830-Newport
W1830-Richmond,W1830-Richmond
LCW1830SR,W1830-Sierra
LCW1830VC,W1830-Villa-Cherry
LCW1836CH,W1836-Cherryville
LCW1836NP,W1836-Newport
W1836-Richmond,W1836-Richmond
LCW1836VC,W1836-Villa-Cherry
LCW1842CH,W1842-Cherryville
LCW1842NP,W1842-Newport
W1842-Richmond,W1842-Richmond
LCW1842VC,W1842-Villa-Cherry
LCW2130CH,W2130-Cherryville
LCW2130NP,W2130-Newport
W2130-Richmond,W2130-Richmond
LCW2130SR,W2130-Sierra
LCW2130VC,W2130-Villa-Cherry
LCW2136CH,W2136-Cherryville
LCW2136NP,W2136-Newport
W2136-Richmond,W2136-Richmond
LCW2136VC,W2136-Villa-Cherry
LCW2142CH,W2142-Cherryville
LCW2142NP,W2142-Newport
W2142-Richmond,W2142-Richmond
LCW2142VC,W2142-Villa-Cherry
W2418-Richmond,W2418-Richmond
LCW2418SR,W2418-Sierra
LCW2424CH,W2424-Cherryville
LCW2424NP,W2424-Newport
W2424-Richmond,W2424-Richmond
LCW2424SR,W2424-Sierra
LCW2424VC,W2424-Villa-Cherry
LCW2430CH,W2430-Cherryville
LCW2430NP,W2430-Newport
W2430-Richmond,W2430-Richmond
LCW2430SR,W2430-Sierra
LCW2430VC,W2430-Villa-Cherry
LCW2436CH,W2436-Cherryville
LCW2436NP,W2436-Newport
W2436-Richmond,W2436-Richmond
LCW2436VC,W2436-Villa-Cherry
LCW2442CH,W2442-Cherryville
LCW2442NP,W2442-Newport
W2442-Richmond,W2442-Richmond
LCW2442VC,W2442-Villa-Cherry
LCW2730CH,W2730-Cherryville
LCW2730NP,W2730-Newport
W2730-Richmond,W2730-Richmond
LCW2730SR,W2730-Sierra
LCW2730VC,W2730-Villa-Cherry
LCW2736CH,W2736-Cherryville
LCW2736NP,W2736-Newport
W2736-Richmond,W2736-Richmond
LCW2736VC,W2736-Villa-Cherry
LCW2742CH,W2742-Cherryville
LCW2742NP,W2742-Newport
W2742-Richmond,W2742-Richmond
LCW2742VC,W2742-Villa-Cherry
LCW3012CH,W3012-Cherryville
LCW3012NP,W3012-Newport
W3012-Richmond,W3012-Richmond
LCW3012SR,W3012-Sierra
LCW3012VC,W3012-Villa-Cherry
LCW3015CH,W3015-Cherryville
LCW3015NP,W3015-Newport
W3015-Richmond,W3015-Richmond
LCW3015SR,W3015-Sierra
LCW3015VC,W3015-Villa-Cherry
LCW3018CH,W3018-Cherryville
LCW3018NP,W3018-Newport
W3018-Richmond,W3018-Richmond
LCW3018SR,W3018-Sierra
LCW3018VC,W3018-Villa-Cherry
LCW3024CH,W3024-Cherryville
LCW3024NP,W3024-Newport
W3024-Richmond,W3024-Richmond
LCW3024SR,W3024-Sierra
LCW3024VC,W3024-Villa-Cherry
LCW3030CH,W3030-Cherryville
LCW3030NP,W3030-Newport
W3030-Richmond,W3030-Richmond
LCW3030SR,W3030-Sierra
LCW3030VC,W3030-Villa-Cherry
LCW3036CH,W3036-Cherryville
LCW3036NP,W3036-Newport
W3036-Richmond,W3036-Richmond
LCW3036VC,W3036-Villa-Cherry
LCW3042CH,W3042-Cherryville
LCW3042NP,W3042-Newport
W3042-Richmond,W3042-Richmond
LCW3042VC,W3042-Villa-Cherry
LCW3312CH,W3312-Cherryville
LCW3312NP,W3312-Newport
W3312-Richmond,W3312-Richmond
LCW3312SR,W3312-Sierra
LCW3312VC,W3312-Villa-Cherry
LCW3315CH,W3315-Cherryville
LCW3315NP,W3315-Newport
W3315-Richmond,W3315-Richmond
LCW3315SR,W3315-Sierra
LCW3315VC,W3315-Villa-Cherry
LCW3318CH,W3318-Cherryville
LCW3318NP,W3318-Newport
W3318-Richmond,W3318-Richmond
LCW3318SR,W3318-Sierra
LCW3318VC,W3318-Villa-Cherry
LCW3324CH,W3324-Cherryville
LCW3324NP,W3324-Newport
W3324-Richmond,W3324-Richmond
LCW3324SR,W3324-Sierra
LCW3324VC,W3324-Villa-Cherry
LCW3330CH,W3330-Cherryville
LCW3330NP,W3330-Newport
W3330-Richmond,W3330-Richmond
LCW3330SR,W3330-Sierra
LCW3330VC,W3330-Villa-Cherry
LCW3336CH,W3336-Cherryville
LCW3336NP,W3336-Newport
W3336-Richmond,W3336-Richmond
LCW3336VC,W3336-Villa-Cherry
LCW3342CH,W3342-Cherryville
LCW3342NP,W3342-Newport
W3342-Richmond,W3342-Richmond
LCW3342VC,W3342-Villa-Cherry
LCW3612CH,W3612-Cherryville
LCW3612NP,W3612-Newport
W3612-Richmond,W3612-Richmond
LCW3612SR,W3612-Sierra
LCW3612VC,W3612-Villa-Cherry
LCW3615CH,W3615-Cherryville
LCW3615NP,W3615-Newport
W3615-Richmond,W3615-Richmond
LCW3615SR,W3615-Sierra
LCW3615VC,W3615-Villa-Cherry
LCW3618CH,W3618-Cherryville
LCW3618NP,W3618-Newport
W3618-Richmond,W3618-Richmond
LCW3618SR,W3618-Sierra
LCW3618VC,W3618-Villa-Cherry
LCW3624CH,W3624-Cherryville
LCW3624NP,W3624-Newport
W3624-Richmond,W3624-Richmond
LCW3624SR,W3624-Sierra
LCW3624VC,W3624-Villa-Cherry
LCW3630CH,W3630-Cherryville
LCW3630NP,W3630-Newport
W3630-Richmond,W3630-Richmond
LCW3630SR,W3630-Sierra
LCW3630VC,W3630-Villa-Cherry
LCW3636CH,W3636-Cherryville
LCW3636NP,W3636-Newport
W3636-Richmond,W3636-Richmond
LCW3636VC,W3636-Villa-Cherry
LCW3642CH,W3642-Cherryville
LCW3642NP,W3642-Newport
W3642-Richmond,W3642-Richmond
LCW3642VC,W3642-Villa-Cherry
LCW4230CH,W4230-Cherryville
LCW4230NP,W4230-Newport
W4230-Richmond,W4230-Richmond
LCW4230SR,W4230-Sierra
LCW4830CH,W4830-Cherryville
LCW4830NP,W4830-Newport
W4830-Richmond,W4830-Richmond
LCW4830SR,W4830-Sierra
W6030-Richmond,W6030-Richmond
LCWEC1230CH,WEC1230-Cherryville
LCWEC1230NP,WEC1230-Newport
WEC1230-Richmond,WEC1230-Richmond
LCWEC1230SR,WEC1230-Sierra
LCWEC1230VC,WEC1230-Villa-Cherry
LCWEC1236CH,WEC1236-Cherryville
LCWEC1236NP,WEC1236-Newport
WEC1236-Richmond,WEC1236-Richmond
LCWEC1236VC,WEC1236-Villa-Cherry
LCWEC1242CH,WEC1242-Cherryville
LCWEC1242NP,WEC1242-Newport
WEC1242-Richmond,WEC1242-Richmond
LCWEC1242VC,WEC1242-Villa-Cherry
LCWMD1530CH,WMD1530-Cherryville
LCWMD1530NP,WMD1530-Newport
WMD1530-Richmond,WMD1530-Richmond
LCWMD1530SR,WMD1530-Sierra
LCWMD1530VC,WMD1530-Villa-Cherry
LCWMD1536CH,WMD1536-Cherryville
LCWMD1536NP,WMD1536-Newport
WMD1536-Richmond,WMD1536-Richmond
LCWMD1536VC,WMD1536-Villa-Cherry
LCWMD1542CH,WMD1542-Cherryville
LCWMD1542NP,WMD1542-Newport
WMD1542-Richmond,WMD1542-Richmond
LCWMD1542VC,WMD1542-Villa-Cherry
LCWMD1830CH,WMD1830-Cherryville
LCWMD1830NP,WMD1830-Newport
WMD1830-Richmond,WMD1830-Richmond
LCWMD1830SR,WMD1830-Sierra
LCWMD1830VC,WMD1830-Villa-Cherry
LCWMD1836CH,WMD1836-Cherryville
LCWMD1836NP,WMD1836-Newport
WMD1836-Richmond,WMD1836-Richmond
LCWMD1836VC,WMD1836-Villa-Cherry
LCWMD1842CH,WMD1842-Cherryville
LCWMD1842NP,WMD1842-Newport
WMD1842-Richmond,WMD1842-Richmond
LCWMD1842VC,WMD1842-Villa-Cherry
LCWMD3030CH,WMD3030-Cherryville
LCWMD3030NP,WMD3030-Newport
WMD3030-Richmond,WMD3030-Richmond
LCWMD3030SR,WMD3030-Sierra
LCWMD3030VC,WMD3030-Villa-Cherry
LCWMD3036CH,WMD3036-Cherryville
LCWMD3036NP,WMD3036-Newport
WMD3036-Richmond,WMD3036-Richmond
LCWMD3036VC,WMD3036-Villa-Cherry
LCWMD3042CH,WMD3042-Cherryville
LCWMD3042NP,WMD3042-Newport
WMD3042-Richmond,WMD3042-Richmond
LCWMD3042VC,WMD3042-Villa-Cherry
LCWMD3630CH,WMD3630-Cherryville
LCWMD3630NP,WMD3630-Newport
WMD3630-Richmond,WMD3630-Richmond
LCWMD3630SR,WMD3630-Sierra
LCWMD3630VC,WMD3630-Villa-Cherry
LCWMD3636CH,WMD3636-Cherryville
LCWMD3636NP,WMD3636-Newport
WMD3636-Richmond,WMD3636-Richmond
LCWMD3636VC,WMD3636-Villa-Cherry
LCWMD3642CH,WMD3642-Cherryville
LCWMD3642NP,WMD3642-Newport
WMD3642-Richmond,WMD3642-Richmond
LCWMD3642VC,WMD3642-Villa-Cherry
LCWN630CH,WN630-Cherryville
LCWN630NP,WN630-Newport
WN630-Richmond,WN630-Richmond
LCWN630SR,WN630-Sierra
LCWN630VC,WN630-Villa-Cherry
LCWN636CH,WN636-Cherryville
LCWN636NP,WN636-Newport
WN636-Richmond,WN636-Richmond
LCWN636VC,WN636-Villa-Cherry
LCWN642CH,WN642-Cherryville
LCWN642NP,WN642-Newport
WN642-Richmond,WN642-Richmond
LCWN642VC,WN642-Villa-Cherry
LCWR3015CH,WR3015-Cherryville
LCWR3015NP,WR3015-Newport
WR3015-Richmond,WR3015-Richmond
LCWR3015SR,WR3015-Sierra
LCWR3015VC,WR3015-Villa-Cherry
LCWR3615CH,WR3615-Cherryville
LCWR3615NP,WR3615-Newport
WR3615-Richmond,WR3615-Richmond
LCWR3615VC,WR3615-Villa-Cherry